id,key,status,current_english,best_draft_en,score,draft_index,draft_ru,draft_es,draft_pt,notes
eor_001,meta.title,fuzzy_review,"Employer of Record: Remote, Effortless & Effective | Garna","Title: Employer of Record: Remote, Effortless & Effective | Garna",0.941,1,"Название: Официальный работодатель: удаленная работа, без лишних хлопот и с максимальной эффективностью | Garna","Title: Empleador oficial: a distancia, sin complicaciones y eficaz | Garna","Title: Employer of Record: Remoto, Simples e Eficaz | Garna",Current EN may differ from SEO draft; verify before applying
eor_002,meta.description,fuzzy_review,Join Garna and experience how a refined remote employment solution can optimize and simplify hiring talents globally.,Description: Join Garna and experience how a refined remote employment solution can optimize and simplify hiring talents globally.,0.970,2,"Описание: Присоединяйтесь к Garna и узнайте, как продуманное решение для удаленной работы может оптимизировать и упростить процесс найма талантов по всему миру.",Description: Únete a Garna y descubre cómo una solución de empleo a distancia perfeccionada puede optimizar y simplificar la contratación de talentos a nivel mundial.,Description:  Junte-se à Garna e descubra como uma solução moderna de emprego remoto pode otimizar e simplificar a contratação global de talentos.,Current EN may differ from SEO draft; verify before applying
eor_003,hero.badge,weak_review,Employer of Record for global teams,FAQ on Employer of Record,0.545,82,Часто задаваемые вопросы об услуге «официальный работодатель»,Preguntas frecuentes sobre el empleador oficial,Orgulhamo-nos de contribuir para workflows eficientes e sem complicações.,Current EN may differ from SEO draft; verify before applying
eor_004,hero.title,exact,"Worldwide Employment Made Simple, Quick & Flawless","Worldwide Employment Made Simple, Quick & Flawless",1.000,3,"Простой, быстрый и безупречный процесс найма по всему миру","Contratación internacional sencilla, rápida y sin complicaciones","Contratação global simples, rápida e sem falhas",
eor_005,hero.description,weak_review,"Hiring the best talent from around the globe does not have to mean complex compliance rules, separate payroll systems, or new legal entities in every country. Garna gives companies a simple, modern Employer of Record solution for global hiring without operational hassle","Hiring the best talent from around the globe doesn't have to be a set of complex compliance rules, separate payroll systems where you have to create multiple legal entities in each country. At Garna, we provide a simple, modern employer of record solution designed to help businesses expand globally without getting stuck in operational hassles.",0.659,4,"Привлечение лучших специалистов со всего мира не обязательно должно сопровождаться сложными нормами законодательства, отдельными системами расчета заработной платы и необходимостью создавать множество юридических лиц в каждой стране. Компания Garna предлагает простое и современное решение по официальному найму персонала, призванное помочь предприятиям выходить на международный рынок, не увязая в операционных сложностях.","Contratar a los mejores talentos de todo el mundo no tiene por qué implicar un conjunto de complejas normas de cumplimiento ni sistemas de nóminas independientes en los que haya que crear múltiples entidades jurídicas en cada país. En Garna, ofrecemos una solución sencilla y moderna de empleador oficial diseñada para ayudar a las empresas a expandirse a nivel mundial sin verse atrapadas en complicaciones operativas.","Contratar os melhores talentos em qualquer parte do mundo não deve significar lidar com regras complexas de conformidade, sistemas de payroll separados ou criação de múltiplas entidades legais em cada país. Na Garna, oferecemos uma solução Employer of Record simples e moderna, concebida para ajudar empresas a expandirem-se globalmente sem ficarem presas em dificuldades operacionais.",Current EN may differ from SEO draft; verify before applying
eor_006,hero.cta,weak_review,Book a demo,Button: Book demo,0.667,5,Кнопка: Заказать пробную версию,Botón: Solicita un demo,Button: Marcar demo,Current EN may differ from SEO draft; verify before applying
eor_007,faq.items.q1.answer,fuzzy_review,"An EoR is a third-party company that legally employs workers on behalf of another business and handles payroll, taxes, compliance, contracts, and local employment rules.","An Employer of Record (EoR) is a third-party company that legally employs workers on behalf of another business. They're the ones responsible for handling things, like payroll, taxes, compliance, contracts, and making sure the local employment rules are followed.",0.762,84,"«Официальный работодатель» — это сторонняя компания, которая на законных основаниях нанимает работников от имени другого предприятия. Именно они отвечают за такие вопросы, как оплата труда, налоги, соблюдение нормативных требований, заключение договоров, а также за обеспечение соблюдения местных трудовых норм.","Un empleador de referencia (EoR) es una empresa externa que contrata legalmente a los trabajadores en nombre de otra empresa. Son los responsables de gestionar aspectos como las nóminas, los impuestos, el cumplimiento normativo, los contratos y de garantizar que se respeten las normas laborales locales.",1. O que é um Employer of Record (EoR)?,Current EN may differ from SEO draft; verify before applying
eor_008,faq.items.q2.answer,weak_review,A PEO usually works through a co-employment model and often needs the client company to have a local setup. An EoR acts as the official employer so you do not need to set up a business in every country.,"A PEO is a type of company that uses the 'co-employment' model. They work together with the client company to manage the employees. They usually need the client company to already have a local setup. An EoR, on the other hand, acts as the official employer so you don't need to set up a business in every country you want to work in.",0.700,86,"Профессиональная организация-работодатель — это тип компании, которая использует модель «совместного найма». Они сотрудничают с компанией-заказчиком в вопросах управления персоналом. Как правило, для этого необходимо, чтобы у компании-заказчика уже была налажена местная инфраструктура. С другой стороны, «официальный работодатель» выступает в качестве официального нанимателя, благодаря чему вам не нужно регистрировать компанию в каждой стране, где вы хотите работать.","Una PEO es un tipo de empresa que utiliza el modelo de «coempleo». Trabaja conjuntamente con la empresa cliente para gestionar a los empleados. Por lo general, requiere que la empresa cliente ya cuente con una estructura local. Un EoR, por su parte, actúa como empleador oficial, por lo que no es necesario establecer una empresa en cada país en el que se desee trabajar.",2. Qual é a diferença entre um EoR e uma Professional Employer Organization (PEO)?,Current EN may differ from SEO draft; verify before applying
eor_009,faq.items.q3.answer,weak_review,Use an EoR when you want to hire people in countries where your company is not already set up to do business.,"If you want to start hiring people in countries you aren't already set up to do business in, an EoR is your solution. It lets you expand internationally without having to go through a tiring process of starting a subsidiary in each place and sorting out all the local labour rules.",0.462,88,"Если вы хотите начать нанимать сотрудников в странах, где у вас пока нет представительства, услуга «официальный работодатель» станет для вас идеальным решением. Это позволяет вам выходить на международный рынок, не проходя через утомительный процесс открытия дочерних компаний в каждой стране и разбираясь со всеми местными трудовыми нормами.","Si quieres empezar a contratar personal en países en los que aún no tienes una estructura para hacer negocios, un EoR es la solución. Te permite expandirte internacionalmente sin tener que pasar por el tedioso proceso de crear una filial en cada lugar y lidiar con todas las normas laborales locales.",3. Quando deve utilizar um EoR?,Current EN may differ from SEO draft; verify before applying
eor_010,faq.items.q4.answer,weak_review,A local entity can be expensive and slow. An EoR is usually faster and more flexible when you need to test new regions and scale a global team without unnecessary complexity.,"Setting up a local entity can be expensive and tiring, especially if you're just starting out in a new market. An EoR is usually faster to set up and way more flexible for businesses that need to hire globally. You can try out new regions, scale your team without any complexities.",0.611,90,"Создание местной компании может оказаться дорогостоящим и трудоемким процессом, особенно если вы только начинаете работу на новом рынке. Обычно использование услуги «официального работодателя» занимает меньше времени и обеспечивает гораздо большую гибкость для компаний, которым необходимо нанимать сотрудников по всему миру. Вы можете тестировать новые регионы и расширять свою команду без каких-либо сложностей.","Constituir una entidad local puede resultar caro y agotador, especialmente si acabas de empezar en un nuevo mercado. Un EoR suele ser más rápido de constituir y mucho más flexible para las empresas que necesitan contratar a nivel global. Puedes probar nuevas regiones y ampliar tu equipo sin complicaciones.",4.  EoR vs criação da própria entidade internacional: qual é melhor?,Current EN may differ from SEO draft; verify before applying
eor_011,faq.items.q5.answer,weak_review,"Garna provides a flexible global EoR solution with payroll, compliance, onboarding, API integrations, white-label options, and support for multi-country teams.","Garna has a flexible global EoR solution that includes all the necessary features you need, like payroll, compliance, and onboarding in a single platform. We also have API integrations and white-label options as well as support for teams that work across multiple countries.",0.581,92,"Garna предлагает гибкое глобальное решение «Официальный работодатель», которое объединяет на одной платформе все необходимые функции, такие как оплата труда, обеспечение соответствия нормативным требованиям и адаптация новых сотрудников. Кроме того, мы предлагаем API-интеграцию и возможности White Label, а также поддержку команд, работающих в разных странах.","Garna ofrece una solución global de EoR flexible que incluye todas las funciones necesarias, como la gestión de nóminas, el cumplimiento normativo y la incorporación de personal, en una única plataforma. También contamos con integraciones API y opciones de marca blanca, así como soporte para equipos que trabajan en varios países.",5. Que modelo EoR a Garna oferece?,Current EN may differ from SEO draft; verify before applying
eor_012,faq.items.q1.question,fuzzy_review,What is an Employer of Record (EoR)?,1. What is an Employer of Record (EoR)?,0.933,83,1. Что такое «Официальный работодатель»?,1. ¿Qué es un empleador de referencia (EoR)?,Perguntas frequentes sobre Employer of Record,Current EN may differ from SEO draft; verify before applying
eor_013,faq.items.q2.question,fuzzy_review,How is an EoR different from a PEO?,2. How is an EoR different from a professional employer organization (PEO)?,0.800,85,2. Чем «Официальный работодатель» отличается от профессиональной организации-работодателя?,2. ¿En qué se diferencia un EoR de una organización profesional de empleadores (PEO)?,"Um Employer of Record (EoR) é uma empresa terceira que emprega legalmente trabalhadores em nome de outra empresa. É responsável por payroll, impostos, conformidade, contratos e por garantir o cumprimento das leis laborais locais.",Current EN may differ from SEO draft; verify before applying
eor_014,faq.items.q3.question,fuzzy_review,When should you use an EoR?,3. When should you use an EoR?,0.923,87,3. В каких случаях следует прибегать к услугам «официального работодателя»?,3. ¿Cuándo conviene recurrir a un EoR?,"Uma PEO utiliza o modelo de “co-emprego”. Trabalha em conjunto com a empresa cliente para gerir funcionários e normalmente exige que a empresa já possua presença local. Um EoR, por outro lado, atua como empregador oficial, permitindo contratar sem abrir uma empresa em cada país.",Current EN may differ from SEO draft; verify before applying
eor_015,faq.items.q4.question,fuzzy_review,EoR vs own international entity setup: which is better?,4. EoR vs own international entity setup: which is better?,0.947,89,4. «Официальный работодатель» или создание собственной международной компании: что лучше?,4. EoR frente a la creación de una entidad internacional propia: ¿qué es mejor?,"Se pretende começar a contratar pessoas em países onde ainda não possui estrutura empresarial, um EoR é a solução ideal. Permite expandir internacionalmente sem passar pelo processo cansativo de abrir subsidiárias e resolver todas as regras laborais locais.",Current EN may differ from SEO draft; verify before applying
eor_016,faq.items.q5.question,fuzzy_review,What EoR model does Garna have?,5. What EoR model does Garna have?,0.923,91,5. Какую модель «официального работодателя» использует компания Garna?,5. ¿Qué modelo de EoR ofrece Garna?,"Criar uma entidade local pode ser caro e demorado, especialmente ao entrar num novo mercado. Um EoR normalmente é muito mais rápido de implementar e bastante mais flexível para empresas que precisam contratar globalmente. Pode testar novos mercados e expandir equipas sem complexidade desnecessária.",Current EN may differ from SEO draft; verify before applying
eor_017,faq.kicker,missing,FAQ,FAQ on Employer of Record,0.333,82,Часто задаваемые вопросы об услуге «официальный работодатель»,Preguntas frecuentes sobre el empleador oficial,Orgulhamo-nos de contribuir para workflows eficientes e sem complicações.,Current EN may differ from SEO draft; verify before applying
eor_018,faq.title,exact,FAQ on Employer of Record,FAQ on Employer of Record,1.000,82,Часто задаваемые вопросы об услуге «официальный работодатель»,Preguntas frecuentes sobre el empleador oficial,Orgulhamo-nos de contribuir para workflows eficientes e sem complicações.,
eor_019,finalCta.title,exact,Global Employer of Record is a Modern Hiring Process Done Stress-Free,Global Employer of Record is A Modern Hiring Process Done Stress-Free,1.000,93,Международный официальный работодатель — это современный процесс найма без лишних хлопот,El empleador de referencia global es un proceso de contratación moderno y sin estrés,"A Garna possui uma solução global EoR flexível que inclui todas as funcionalidades necessárias, como payroll, conformidade e onboarding numa única plataforma. Também oferecemos integrações API, opções White Label e suporte para equipas que trabalham em múltiplos países.",
eor_020,finalCta.description,weak_review,Garna offers 24/7 expert support and the features needed to create smooth employee experiences around the world without unexpected operational crises,Garna offers exceptional 24/7 expert support and all the necessary features that let you have employee experiences all over the world with no arising crises and unexpected issues on your way.,0.560,94,"Garna предлагает круглосуточную квалифицированную поддержку и все необходимые функции, которые позволяют вам управлять персоналом по всему миру, не сталкиваясь с кризисными ситуациями и непредвиденными проблемами.",Garna ofrece un excepcional soporte de expertos 24/7 y todas las funciones necesarias que te permiten gestionar la experiencia de tus empleados en todo el mundo sin que surjan crisis ni problemas inesperados en el camino.,Global Employer of Record é um processo moderno de contratação sem stress,Current EN may differ from SEO draft; verify before applying
eor_021,finalCta.button,fuzzy_review,Start Going Global,Button: Start Going Global,0.857,95,Кнопка: Выйти на мировой рынок,Botón: Empieza a expandirte a nivel global,A Garna oferece suporte especializado 24/7 e todas as funcionalidades necessárias para garantir uma experiência de contratação global sem crises inesperadas nem problemas operacionais.,Current EN may differ from SEO draft; verify before applying
eor_022,bookingWidget.titleFallback,missing,Book a free 30-minute product demo,Button: Book demo,0.400,5,Кнопка: Заказать пробную версию,Botón: Solicita un demo,Button: Marcar demo,Current EN may differ from SEO draft; verify before applying
eor_023,bookingWidget.subtitleFallback,missing,Get all your questions answered by our experts,Running Your Global Payroll Without All the Stress,0.250,49,Управление международной системой оплаты труда без лишних хлопот,Gestiona tu nómina global sin estrés,Gerir payroll global sem todo o stress,Current EN may differ from SEO draft; verify before applying
eor_024,dashboard.url,missing,garna.io/dashboard,400+ businesses using Garna,0.286,6,Ускорьте расширение вашей международной команды,Haz crecer tu plantilla global más rápido,Expanda a sua equipa global mais rapidamente,Current EN may differ from SEO draft; verify before applying
eor_025,,missing,Balance,,0.000,,,,,Current EN may differ from SEO draft; verify before applying
eor_026,,missing,Company,Set up your company account,0.333,71,Создайте аккаунт своей компании,Crea tu cuenta de empresa,Passos com a Garna:,Current EN may differ from SEO draft; verify before applying
eor_027,,missing,Notifications,,0.000,,,,,Current EN may differ from SEO draft; verify before applying
eor_028,,missing,Support,Garna offers exceptional 24/7 expert support and all the necessary features that let you have employee experiences all over the world with no arising crises and unexpected issues on your way.,0.067,94,"Garna предлагает круглосуточную квалифицированную поддержку и все необходимые функции, которые позволяют вам управлять персоналом по всему миру, не сталкиваясь с кризисными ситуациями и непредвиденными проблемами.",Garna ofrece un excepcional soporte de expertos 24/7 y todas las funciones necesarias que te permiten gestionar la experiencia de tus empleados en todo el mundo sin que surjan crisis ni problemas inesperados en el camino.,Global Employer of Record é um processo moderno de contratação sem stress,Current EN may differ from SEO draft; verify before applying
eor_029,,missing,Internal account USD USD EUR,Set up your company account,0.222,71,Создайте аккаунт своей компании,Crea tu cuenta de empresa,Passos com a Garna:,Current EN may differ from SEO draft; verify before applying
eor_030,,missing,"$112,272.31",,0.000,,,,,Current EN may differ from SEO draft; verify before applying
eor_031,,missing,Account number,Set up your company account,0.286,71,Создайте аккаунт своей компании,Crea tu cuenta de empresa,Passos com a Garna:,Current EN may differ from SEO draft; verify before applying
eor_032,,missing,4461 9571 3840 9821,,0.000,,,,,Current EN may differ from SEO draft; verify before applying
eor_033,,missing,Send Withdraw Add funds Details,"Enter the employee's details: country of employment, position, salary, start date, salary currency, and work visa requirements.",0.095,76,"Введите данные о сотруднике: страну работы, должность, заработную плату, дату начала работы, валюту выплаты заработной платы и требования к рабочей визе.","Introduce los datos del empleado: país de trabajo, puesto, salario, fecha de inicio, moneda del salario y requisitos de visado de trabajo.",Crie o seu primeiro contrato EoR,Current EN may differ from SEO draft; verify before applying
eor_034,,missing,Templates,,0.000,,,,,Current EN may differ from SEO draft; verify before applying
eor_035,,missing,All,All of this means that you can:,0.250,11,Выходить на новые рынки,Expandirse a nuevos mercados,Expandir para novos mercados,Current EN may differ from SEO draft; verify before applying
eor_036,templates.transactionByEmail,missing,Transaction by email,"After your request in the personal account, the employee receives a personal invitation by e-mail and creates an account in Garna to receive payments.",0.083,78,После отправки запроса в личном кабинете сотрудник получает личное приглашение по электронной почте и создает аккаунт в Garna для получения выплат.,"Tras su solicitud en la cuenta personal, el empleado recibe una invitación personal por correo electrónico y crea una cuenta en Garna para recibir los pagos.",Convide um funcionário,Current EN may differ from SEO draft; verify before applying
eor_037,templates.csvPayment,missing,CSV payment,,0.000,,,,,Current EN may differ from SEO draft; verify before applying
eor_038,templates.topUpUsdt,missing,Top up with USDT,Steps to take with Garna:,0.222,70,Необходимые шаги с Garna:,Pasos a seguir con Garna:,"Pretende um parceiro global de emprego capaz de gerir payroll multi-país, gestão de contratados, transferências bancárias e pagamentos em criptomoedas numa única plataforma simples de utilizar.",Current EN may differ from SEO draft; verify before applying
eor_039,templates.topUpBank,missing,Top up with Bank transfer,Steps to take with Garna:,0.200,70,Необходимые шаги с Garna:,Pasos a seguir con Garna:,"Pretende um parceiro global de emprego capaz de gerir payroll multi-país, gestão de contratados, transferências bancárias e pagamentos em criptomoedas numa única plataforma simples de utilizar.",Current EN may differ from SEO draft; verify before applying
eor_040,,missing,Transactions,,0.000,,,,,Current EN may differ from SEO draft; verify before applying
eor_041,,missing,Transfer to Maria Rei,Steps to take with Garna:,0.222,70,Необходимые шаги с Garna:,Pasos a seguir con Garna:,"Pretende um parceiro global de emprego capaz de gerir payroll multi-país, gestão de contratados, transferências bancárias e pagamentos em criptomoedas numa única plataforma simples de utilizar.",Current EN may differ from SEO draft; verify before applying
eor_042,transactions.confirmed,missing,Confirmed,,0.000,,,,,Current EN may differ from SEO draft; verify before applying
eor_043,,missing,-$480.00,,0.000,,,,,Current EN may differ from SEO draft; verify before applying
eor_044,,missing,"10.01.2026, 18:58",,0.000,,,,,Current EN may differ from SEO draft; verify before applying
eor_045,,missing,Transfer to Vlad Kolomensky,Steps to take with Garna:,0.222,70,Необходимые шаги с Garna:,Pasos a seguir con Garna:,"Pretende um parceiro global de emprego capaz de gerir payroll multi-país, gestão de contratados, transferências bancárias e pagamentos em criptomoedas numa única plataforma simples de utilizar.",Current EN may differ from SEO draft; verify before applying
eor_046,,missing,-$160.00,,0.000,,,,,Current EN may differ from SEO draft; verify before applying
eor_047,,missing,"10.01.2026, 18:54",,0.000,,,,,Current EN may differ from SEO draft; verify before applying
eor_048,,missing,"$ 1,000,000.00 available for team payouts",Ensure law compliance for every market,0.154,28,Мы гарантируем соблюдение законодательства на каждом рынке,Garantiza el cumplimiento de la legislación en todos los mercados,Garanta conformidade legal em todos os mercados,Current EN may differ from SEO draft; verify before applying
eor_049,advance.description,missing,Pay your contractors now — repay later with flexible terms,"Pay international staff, contractors, taxes, and multi-currency payouts automatically and without stress.",0.190,27,"Автоматически и без лишних хлопот выплачивайте зарплату иностранным сотрудникам и подрядчикам, оплачивайте налоги и осуществляйте мультивалютные выплаты.","Paga automáticamente y sin complicaciones a tu personal internacional, a los contratistas, los impuestos y los pagos en varias divisas.","Pague funcionários internacionais, contratados, impostos e pagamentos em múltiplas moedas automaticamente e sem stress.",Current EN may differ from SEO draft; verify before applying
eor_050,,missing,Request,"After your request in the personal account, the employee receives a personal invitation by e-mail and creates an account in Garna to receive payments.",0.091,78,После отправки запроса в личном кабинете сотрудник получает личное приглашение по электронной почте и создает аккаунт в Garna для получения выплат.,"Tras su solicitud en la cuenta personal, el empleado recibe una invitación personal por correo electrónico y crea una cuenta en Garna para recibir los pagos.",Convide um funcionário,Current EN may differ from SEO draft; verify before applying
eor_051,,exact,400+ businesses using Garna,400+ businesses using Garna,1.000,6,Ускорьте расширение вашей международной команды,Haz crecer tu plantilla global más rápido,Expanda a sua equipa global mais rapidamente,
eor_052,,exact,24/7 global payroll service availability,24/7 global payroll service availability,1.000,7,"Услуга «Официальный работодатель» (EoR) помогает компаниям нанимать иностранных сотрудников без открытия местных юридических лиц. Поставщик услуг по официальному трудоустройству нанимает работника на законных основаниях от вашего имени, в то время как вы управляете его повседневной работой, обязанностями и производительностью.","Un «empleador de referencia» (EoR) ayuda a las empresas a contratar empleados internacionales sin necesidad de abrir entidades locales. El proveedor de EoR contrata legalmente al trabajador en su nombre, mientras usted gestiona su trabajo diario, sus responsabilidades y su rendimiento.","Um Employer of Record (EoR) ajuda empresas a contratar funcionários internacionais sem abrir entidades locais. O fornecedor EoR emprega legalmente o trabalhador em seu nome, enquanto gere o trabalho diário, responsabilidades e desempenho.",
eor_053,,exact,150+ countries covered,150+ countries covered,1.000,8,"Все это означает, что вы можете:",Todo esto significa que puedes:,Tudo isto significa que pode:,
eor_054,,fuzzy_review,"Grow faster Grow Your Global Workforce Faster An Employer of Record helps companies hire international employees without opening local entities. Garna legally employs the worker on your behalf while you manage their day-to-day work, responsibilities, and performance","An Employer of Record (EoR) helps companies hire international employees without opening local entities. The EoR provider legally employs the worker on your behalf, while you manage their day-to-day work, responsibilities, and performance.",0.896,10,"Привлекать талантливых специалистов со всего мира и делать это быстрее, чем раньше",Atraer a personas con talento de todo el mundo y hacerlo más rápido que antes,Contrate talentos de qualquer parte do mundo de forma mais rápida do que nunca.,Current EN may differ from SEO draft; verify before applying
eor_055,,weak_review,One hiring system Everything You Need to Hire and Pay Globally Garna offers a flexible hiring system that helps companies hire international staff without walking the bureaucratic extra mile,We offer a super flexible hiring system that helps companies to hire international staff without having to walk the bureaucratic extra mile.,0.681,21,"Мы предлагаем чрезвычайно гибкую систему найма, которая помогает компаниям нанимать иностранных сотрудников, избегая лишних бюрократических процедур.",Ofrecemos un sistema de contratación muy flexible que ayuda a las empresas a contratar personal internacional sin tener que pasar por trámites burocráticos adicionales.,Oferecemos um sistema de contratação extremamente flexível que ajuda empresas a contratar colaboradores internacionais sem burocracia desnecessária.,Current EN may differ from SEO draft; verify before applying
eor_056,,missing,"Entity $678,200",4. EoR vs own international entity setup: which is better?,0.154,89,4. «Официальный работодатель» или создание собственной международной компании: что лучше?,4. EoR frente a la creación de una entidad internacional propia: ¿qué es mejor?,"Se pretende começar a contratar pessoas em países onde ainda não possui estrutura empresarial, um EoR é a solução ideal. Permite expandir internacionalmente sem passar pelo processo cansativo de abrir subsidiárias e resolver todas as regras laborais locais.",Current EN may differ from SEO draft; verify before applying
eor_057,,missing,Employees +87 ready,"Enter the employee's details: country of employment, position, salary, start date, salary currency, and work visa requirements.",0.105,76,"Введите данные о сотруднике: страну работы, должность, заработную плату, дату начала работы, валюту выплаты заработной платы и требования к рабочей визе.","Introduce los datos del empleado: país de trabajo, puesto, salario, fecha de inicio, moneda del salario y requisitos de visado de trabajo.",Crie o seu primeiro contrato EoR,Current EN may differ from SEO draft; verify before applying
eor_058,,fuzzy_review,Hire globally without opening entities,Hire globally without opening new entities,0.909,22,Нанимайте сотрудников по всему миру без открытия новых юридических лиц,Contrata a nivel global sin necesidad de abrir nuevas entidades,Contrate globalmente sem abrir novas entidades,Current EN may differ from SEO draft; verify before applying
eor_059,,weak_review,Hire employees around the globe without opening a local office or navigating its legal infrastructure,You can hire employees around the globe in no time. No need to open a local office and navigate its legal infrastructure.,0.611,23,Вы сможете нанять сотрудников по всему миру в считанные минуты. Не нужно открывать местный офис и разбираться в его правовых аспектах.,Puedes contratar empleados en todo el mundo en un abrir y cerrar de ojos. No es necesario abrir una oficina local ni lidiar con su infraestructura legal.,Pode contratar funcionários em qualquer parte do mundo rapidamente. Não é necessário abrir escritórios locais nem lidar com infraestruturas legais complexas.,Current EN may differ from SEO draft; verify before applying
eor_060,,missing,Workforce mix Full-time 42%,Time Off and Expenses,0.222,52,Отпуска и расходы,Permisos y gastos,Férias e despesas,Current EN may differ from SEO draft; verify before applying
eor_061,,missing,Contractors 38%,"Pay international staff, contractors, taxes, and multi-currency payouts automatically and without stress.",0.143,27,"Автоматически и без лишних хлопот выплачивайте зарплату иностранным сотрудникам и подрядчикам, оплачивайте налоги и осуществляйте мультивалютные выплаты.","Paga automáticamente y sin complicaciones a tu personal internacional, a los contratistas, los impuestos y los pagos en varias divisas.","Pague funcionários internacionais, contratados, impostos e pagamentos em múltiplas moedas automaticamente e sem stress.",Current EN may differ from SEO draft; verify before applying
eor_062,,fuzzy_review,Employ any type of workforce,Employ any type of the workforce,0.909,24,Использовать любой тип персонала,Contrata cualquier tipo de personal,Contrate qualquer tipo de força de trabalho,Current EN may differ from SEO draft; verify before applying
eor_063,,fuzzy_review,"Manage full-timers, contractors, freelancers, and distributed staff from a single place","Manage a team of full-timers, contractors, freelancers, and distributed staff all from a single place.",0.889,25,"Управляйте командой, состоящей из штатных сотрудников, подрядчиков, фрилансеров и удаленных сотрудников, при помощи одного инструмента.","Gestiona un equipo de empleados a tiempo completo, contratistas, autónomos y personal distribuido, todo desde un único lugar.","Gira equipas compostas por funcionários permanentes, contratados, freelancers e equipas distribuídas a partir de um único lugar.",Current EN may differ from SEO draft; verify before applying
eor_064,,missing,Payroll run This month,Payroll,0.400,48,Оплата труда,Nóminas,Payroll,Current EN may differ from SEO draft; verify before applying
eor_065,,missing,Ready,,0.000,,,,,Current EN may differ from SEO draft; verify before applying
eor_066,,missing,Salary $48.6k,"Enter the employee's details: country of employment, position, salary, start date, salary currency, and work visa requirements.",0.105,76,"Введите данные о сотруднике: страну работы, должность, заработную плату, дату начала работы, валюту выплаты заработной платы и требования к рабочей визе.","Introduce los datos del empleado: país de trabajo, puesto, salario, fecha de inicio, moneda del salario y requisitos de visado de trabajo.",Crie o seu primeiro contrato EoR,Current EN may differ from SEO draft; verify before applying
eor_067,,missing,Tax $8.2k,"When it comes to the different regulations and rules that arise with hiring globally, we're in control of the correspondence to local labor laws, tax regulations and county-specific rules.",0.071,29,"Что касается различных нормативных требований и правил, возникающих при найме сотрудников в разных странах, мы обеспечиваем соблюдение местного трудового законодательства, налоговых норм и правил, действующих в конкретных странах.","En lo que respecta a las diferentes normativas y reglas que surgen al contratar a nivel global, nos encargamos de garantizar el cumplimiento de las leyes laborales locales, las normativas fiscales y las reglas específicas de cada país.","Quando surgem diferentes regulamentos e regras associados à contratação global, garantimos conformidade com leis laborais locais, regulamentações fiscais e regras específicas de cada país.",Current EN may differ from SEO draft; verify before applying
eor_068,,missing,FX 4,4. EoR vs own international entity setup: which is better?,0.167,89,4. «Официальный работодатель» или создание собственной международной компании: что лучше?,4. EoR frente a la creación de una entidad internacional propia: ¿qué es mejor?,"Se pretende começar a contratar pessoas em países onde ainda não possui estrutura empresarial, um EoR é a solução ideal. Permite expandir internacionalmente sem passar pelo processo cansativo de abrir subsidiárias e resolver todas as regras laborais locais.",Current EN may differ from SEO draft; verify before applying
eor_069,,exact,Offer payroll that runs smoothly,Offer payroll that runs smoothly,1.000,26,Обеспечьте удобную выплату зарплат,Ofrece una gestión de nóminas fluida,Ofereça payroll sem complicações,
eor_070,,fuzzy_review,"Pay staff, contractors, taxes, and multi-currency payouts automatically and without stress","Pay international staff, contractors, taxes, and multi-currency payouts automatically and without stress.",0.957,27,"Автоматически и без лишних хлопот выплачивайте зарплату иностранным сотрудникам и подрядчикам, оплачивайте налоги и осуществляйте мультивалютные выплаты.","Paga automáticamente y sin complicaciones a tu personal internacional, a los contratistas, los impuestos y los pagos en varias divisas.","Pague funcionários internacionais, contratados, impostos e pagamentos em múltiplas moedas automaticamente e sem stress.",Current EN may differ from SEO draft; verify before applying
eor_071,,missing,Compliance alert New minimum wage rule,Maintain Law Compliance,0.222,18,Круглосуточная доступность услуг по оплате труда по всему миру,"Servicio de nóminas global disponible las 24 horas del día, los 7 días de la semana",Disponibilidade global do serviço de payroll 24/7,Current EN may differ from SEO draft; verify before applying
eor_072,,weak_review,Reviewed before payroll,Payroll,0.500,48,Оплата труда,Nóminas,Payroll,Current EN may differ from SEO draft; verify before applying
eor_073,,fuzzy_review,Ensure compliance in every market,Ensure law compliance for every market,0.727,28,Мы гарантируем соблюдение законодательства на каждом рынке,Garantiza el cumplimiento de la legislación en todos los mercados,Garanta conformidade legal em todos os mercados,Current EN may differ from SEO draft; verify before applying
eor_074,,weak_review,"Stay aligned with local labor laws, tax regulations, and country-specific rules","When it comes to the different regulations and rules that arise with hiring globally, we're in control of the correspondence to local labor laws, tax regulations and county-specific rules.",0.486,29,"Что касается различных нормативных требований и правил, возникающих при найме сотрудников в разных странах, мы обеспечиваем соблюдение местного трудового законодательства, налоговых норм и правил, действующих в конкретных странах.","En lo que respecta a las diferentes normativas y reglas que surgen al contratar a nivel global, nos encargamos de garantizar el cumplimiento de las leyes laborales locales, las normativas fiscales y las reglas específicas de cada país.","Quando surgem diferentes regulamentos e regras associados à contratação global, garantimos conformidade com leis laborais locais, regulamentações fiscais e regras específicas de cada país.",Current EN may differ from SEO draft; verify before applying
eor_075,,missing,HRIS,,0.000,,,,,Current EN may differ from SEO draft; verify before applying
eor_076,,missing,Finance,"Specify the person who will be responsible for financial matters. This may be the finance director, the head of the finance department, or yourself.",0.100,74,"Укажите лицо, которое будет отвечать за финансовые вопросы. Это может быть финансовый директор, руководитель финансового отдела или вы сами.","Especifica quién será la persona responsable de los asuntos financieros. Puede ser el director financiero, el jefe del departamento financiero o tú mismo.",Defina um contacto financeiro responsável,Current EN may differ from SEO draft; verify before applying
eor_077,,weak_review,Integrate EoR into your tools,Integrate EoR to your tools and systems,0.667,30,Интегрируйте услугу официального работодателя в свои инструменты и системы,Integra EoR en tus herramientas y sistemas,Integre EoR nas suas ferramentas e sistemas,Current EN may differ from SEO draft; verify before applying
eor_078,,weak_review,"Connect with existing HR, finance, and workforce management tools without disrupting your processes","Our system connects seamlessly with your existing HR, finance and workforce management tools, so you don't have to disrupt existing processes.",0.606,31,"Наша система легко интегрируется с вашими существующими системами управления персоналом, финансами и трудовыми ресурсами, поэтому вам не придется нарушать сложившиеся рабочие процессы.","Nuestro sistema se integra a la perfección con tus herramientas actuales de RR. HH., finanzas y gestión de personal, para que no tengas que alterar los procesos existentes.","O nosso sistema integra-se facilmente com as ferramentas existentes de RH, finanças e gestão de equipas, sem necessidade de alterar processos atuais.",Current EN may differ from SEO draft; verify before applying
eor_079,,missing,SOC,,0.000,,,,,Current EN may differ from SEO draft; verify before applying
eor_080,,missing,ISO,,0.000,,,,,Current EN may differ from SEO draft; verify before applying
eor_081,,fuzzy_review,Built for fast-moving companies,Built for the fast-moving companies,0.909,32,"Система, созданная для динамично развивающихся компаний",Diseñado para empresas en rápido crecimiento,Criado para empresas que se movem rapidamente,Current EN may differ from SEO draft; verify before applying
eor_082,,missing,Support startups entering new markets and larger teams managing global workforce operations,Expand Into New Markets,0.250,14,"Предотвратить любые возможные ошибки, которые могут возникнуть при найме и увольнении сотрудников в разных странах",Evita cualquier posible error que pueda surgir durante la contratación y el despido de personal en diferentes países,Evite possíveis erros relacionados com contratação e despedimento de funcionários em diferentes países.,Current EN may differ from SEO draft; verify before applying
eor_083,,weak_review,"Why Garna Why Companies Choose Garna Garna makes it easier to manage global employment from finding the right people to setting them up, paying them, and keeping paperwork organized","Garna makes it easier for companies to manage every single bit of their global employment — from tracking down the right people to bring on board to getting them set up, paid, and the paperwork sorted out.",0.596,35,"Garna упрощает компаниям управление всеми аспектами глобального найма персонала — от поиска подходящих кандидатов до их приема на работу, оформления, выплаты заработной платы и урегулирования всех необходимых документов.","Garna facilita a las empresas la gestión de todos los aspectos de su plantilla global, desde la búsqueda de los candidatos adecuados hasta su incorporación, la gestión de sus salarios y la tramitación de la documentación.","A Garna facilita às empresas a gestão de cada etapa do emprego global — desde encontrar as pessoas certas para contratar até integrá-las, efetuar pagamentos e organizar toda a documentação.",Current EN may differ from SEO draft; verify before applying
eor_084,,missing,Sourcing Onboarding Documents Payroll Reporting Termination,Sourcing,0.286,36,Подбор персонала,Búsqueda de talento,Recrutamento,Current EN may differ from SEO draft; verify before applying
eor_085,,weak_review,"Sourcing Finding the Right Talent, Quickly Find and hire global talent faster with tools that make cross-border hiring simple and compliant",Garna is here to help you find and hire global talent a lot faster with tools that make cross-border hiring simple and help you stay on the right side of the law.,0.653,39,"Garna поможет вам ускорить процесс поиска и найма специалистов по всему миру благодаря инструментам, которые упрощают международный набор персонала и позволяют вам соблюдать все нормативные требования.",Garna está aquí para ayudarte a encontrar y contratar talento global mucho más rápido con herramientas que simplifican la contratación transfronteriza y te ayudan a cumplir con la legislación.,A Garna ajuda-o a encontrar e contratar talentos globais muito mais rapidamente através de ferramentas que simplificam a contratação internacional e ajudam a manter conformidade legal.,Current EN may differ from SEO draft; verify before applying
eor_086,,missing,Talent search Global matching,Button: Start Going Global,0.250,95,Кнопка: Выйти на мировой рынок,Botón: Empieza a expandirte a nivel global,A Garna oferece suporte especializado 24/7 e todas as funcionalidades necessárias para garantir uma experiência de contratação global sem crises inesperadas nem problemas operacionais.,Current EN may differ from SEO draft; verify before applying
eor_087,,missing,Talent search Global,Button: Start Going Global,0.286,95,Кнопка: Выйти на мировой рынок,Botón: Empieza a expandirte a nivel global,A Garna oferece suporte especializado 24/7 e todas as funcionalidades necessárias para garantir uma experiência de contratação global sem crises inesperadas nem problemas operacionais.,Current EN may differ from SEO draft; verify before applying
eor_088,,missing,Maya R. 92% match,,0.000,,,,,Current EN may differ from SEO draft; verify before applying
eor_089,,missing,Product designer · Portugal,,0.000,,,,,Current EN may differ from SEO draft; verify before applying
eor_090,,missing,Alex T. 88% match,,0.000,,,,,Current EN may differ from SEO draft; verify before applying
eor_091,,missing,Backend engineer · Poland,,0.000,,,,,Current EN may differ from SEO draft; verify before applying
eor_092,,missing,Cross-border hiring checks ready,Garna is here to help you find and hire global talent a lot faster with tools that make cross-border hiring simple and help you stay on the right side of the law.,0.176,39,"Garna поможет вам ускорить процесс поиска и найма специалистов по всему миру благодаря инструментам, которые упрощают международный набор персонала и позволяют вам соблюдать все нормативные требования.",Garna está aquí para ayudarte a encontrar y contratar talento global mucho más rápido con herramientas que simplifican la contratación transfronteriza y te ayudan a cumplir con la legislación.,A Garna ajuda-o a encontrar e contratar talentos globais muito mais rapidamente através de ferramentas que simplificam a contratação internacional e ajudam a manter conformidade legal.,Current EN may differ from SEO draft; verify before applying
eor_093,,missing,"Onboarding Automating International Employee Onboarding Country-aware workflows help new employees get started through one platform, with less manual HR work","Garna makes international employee onboarding simpler with special workflows that make sure everything is done the right way in each country. Instead of having to deal with different systems and paperwork, you can on-board employees all over the world through one platform and cut down on all the manual HR work.",0.394,43,"Garna упрощает процесс адаптации иностранных сотрудников благодаря специальным рабочим процессам, которые гарантируют, что все процедуры выполняются в соответствии с требованиями каждой страны. Вместо того чтобы иметь дело с разными системами и бумажной волокитой, вы можете оформлять сотрудников по всему миру через единую платформу и сократить объем ручной работы в отделе кадров.","Garna simplifica la incorporación de empleados internacionales con flujos de trabajo específicos que garantizan que todo se haga correctamente en cada país. En lugar de tener que lidiar con diferentes sistemas y trámites, puedes incorporar a empleados de todo el mundo a través de una sola plataforma y reducir todo el trabajo manual de RR. HH.","A Garna torna o onboarding internacional mais simples através de workflows especiais que garantem que tudo é feito corretamente em cada país. Em vez de lidar com diferentes sistemas e documentação, pode integrar funcionários em todo o mundo através de uma única plataforma e reduzir significativamente o trabalho manual de RH.",Current EN may differ from SEO draft; verify before applying
eor_094,,weak_review,New employee Invite sent,Invite an employee,0.571,77,Пригласите сотрудника,Invita a un empleado,"Introduza os dados do funcionário: país de contratação, cargo, salário, data de início, moeda salarial e requisitos de visto de trabalho.",Current EN may differ from SEO draft; verify before applying
eor_095,,missing,New employee Sara K. Growth lead · UAE,Invite an employee,0.200,77,Пригласите сотрудника,Invita a un empleado,"Introduza os dados do funcionário: país de contratação, cargo, salário, data de início, moeda salarial e requisitos de visto de trabalho.",Current EN may differ from SEO draft; verify before applying
eor_096,,missing,01 Invite sent,Invite an employee,0.333,77,Пригласите сотрудника,Invita a un empleado,"Introduza os dados do funcionário: país de contratação, cargo, salário, data de início, moeda salarial e requisitos de visto de trabalho.",Current EN may differ from SEO draft; verify before applying
eor_097,,missing,02 Local contract prepared,Create your first EoR contract,0.222,75,Составьте свой первый договор о предоставлении услуг официального работодателя,Crea tu primer contrato EoR,"Indique a pessoa responsável pelas questões financeiras. Pode ser o diretor financeiro, o responsável do departamento financeiro ou si próprio.",Current EN may differ from SEO draft; verify before applying
eor_098,,missing,03 Payroll profile ready,Payroll,0.400,48,Оплата труда,Nóminas,Payroll,Current EN may differ from SEO draft; verify before applying
eor_099,,weak_review,"Documents Centralizing Contracts and Compliance Documentation Keep contracts, tax forms, payroll records, and compliance documents together in one secure platform",Centralizing Contracts and Compliance Documentation,0.476,45,Централизация договоров и документации по обеспечению соответствия,Centralización de contratos y documentación de cumplimiento,Centralização de contratos e documentação de conformidade,Current EN may differ from SEO draft; verify before applying
eor_100,,missing,Compliance vault Documents stored,Documents,0.400,44,Документы,Documentos,Documentos,Current EN may differ from SEO draft; verify before applying
eor_101,,missing,Compliance vault,Maintain Law Compliance,0.400,18,Круглосуточная доступность услуг по оплате труда по всему миру,"Servicio de nóminas global disponible las 24 horas del día, los 7 días de la semana",Disponibilidade global do serviço de payroll 24/7,Current EN may differ from SEO draft; verify before applying
eor_102,,weak_review,EoR contract Signed,Create your first EoR contract,0.500,75,Составьте свой первый договор о предоставлении услуг официального работодателя,Crea tu primer contrato EoR,"Indique a pessoa responsável pelas questões financeiras. Pode ser o diretor financeiro, o responsável do departamento financeiro ou si próprio.",Current EN may differ from SEO draft; verify before applying
eor_103,,missing,Tax forms Stored,"Trying to keep track of all different contracts, tax forms, payroll records, and compliance documents can be as much of a nightmare as an operational risk for any international team.",0.129,46,"Отслеживание всех различных договоров, налоговых форм, документов по начислению зарплаты и соблюдению нормативных требований может стать настоящим кошмаром и представлять собой операционный риск для любой международной команды.","Intentar llevar un control de todos los diferentes contratos, formularios fiscales, registros de nóminas y documentos de cumplimiento normativo puede ser tanto una pesadilla como un riesgo operativo para cualquier equipo internacional.","Tentar acompanhar diferentes contratos, formulários fiscais, registos de payroll e documentos de conformidade pode transformar-se tanto num pesadelo operacional como num risco para qualquer equipa internacional.",Current EN may differ from SEO draft; verify before applying
eor_104,,weak_review,Payroll records Synced,Payroll,0.500,48,Оплата труда,Nóminas,Payroll,Current EN may differ from SEO draft; verify before applying
eor_105,,weak_review,Payroll Running Global Payroll Without All the Stress Automated workflows help companies pay people around the world while reducing payroll errors and extra work,"Garna eases the pain of managing international payroll by setting up automated workflows. With our system, your company can pay people all around the world quickly while excluding payroll errors and extra work.",0.538,51,"Garna упрощает процесс управления оплатой труда сотрудников в разных странах за счет внедрения автоматизированных рабочих процессов. С помощью нашей системы ваша компания сможет быстро выплачивать заработную плату сотрудникам по всему миру, исключив при этом ошибки в расчетах и лишнюю работу.","Garna alivia la carga de gestionar la nómina internacional mediante la configuración de flujos de trabajo automatizados. Con nuestro sistema, tu empresa puede pagar a personas de todo el mundo rápidamente, evitando errores en la nómina y trabajo extra.","A Garna reduz a complexidade da gestão de payroll internacional através de workflows automatizados. Com o nosso sistema, a sua empresa pode pagar rapidamente a pessoas em todo o mundo, eliminando erros de payroll e trabalho adicional.",Current EN may differ from SEO draft; verify before applying
eor_106,,missing,Payroll run Ready to pay,Payroll,0.333,48,Оплата труда,Nóminas,Payroll,Current EN may differ from SEO draft; verify before applying
eor_107,,missing,"Payroll run $84,250",Payroll,0.400,48,Оплата труда,Nóminas,Payroll,Current EN may differ from SEO draft; verify before applying
eor_108,,missing,Ready,,0.000,,,,,Current EN may differ from SEO draft; verify before applying
eor_109,,missing,SWIFT 42%,You can do this in any convenient way: from SWIFT and SEPA to crypto. Start paying your salary today.,0.095,80,Вы можете сделать это любым удобным для вас способом: от SWIFT и SEPA до криптовалюты. Начните выплачивать зарплату уже сегодня.,Puedes hacerlo de la forma que te resulte más cómoda: desde SWIFT y SEPA hasta criptomonedas. Empieza a pagar tu salario hoy mismo.,Adicione fundos à carteira e execute o primeiro payroll,Current EN may differ from SEO draft; verify before applying
eor_110,,missing,SEPA 36%,You can do this in any convenient way: from SWIFT and SEPA to crypto. Start paying your salary today.,0.095,80,Вы можете сделать это любым удобным для вас способом: от SWIFT и SEPA до криптовалюты. Начните выплачивать зарплату уже сегодня.,Puedes hacerlo de la forma que te resulte más cómoda: desde SWIFT y SEPA hasta criptomonedas. Empieza a pagar tu salario hoy mismo.,Adicione fundos à carteira e execute o primeiro payroll,Current EN may differ from SEO draft; verify before applying
eor_111,,missing,Crypto 22%,You can do this in any convenient way: from SWIFT and SEPA to crypto. Start paying your salary today.,0.095,80,Вы можете сделать это любым удобным для вас способом: от SWIFT и SEPA до криптовалюты. Начните выплачивать зарплату уже сегодня.,Puedes hacerlo de la forma que te resulte más cómoda: desde SWIFT y SEPA hasta criptomonedas. Empieza a pagar tu salario hoy mismo.,Adicione fundos à carteira e execute o primeiro payroll,Current EN may differ from SEO draft; verify before applying
eor_112,,weak_review,"Reporting Getting a Clear View of Your Global Workforce See payroll, compliance, onboarding, and workforce costs in one reporting layer with API-first infrastructure",Getting A Clear View Of Your Global Workforce,0.533,56,Получение четкого представления о вашем международном коллективе,Obtenga una visión clara de su plantilla global,Relatórios,Current EN may differ from SEO draft; verify before applying
eor_113,,missing,Workforce costs Live report,Grow Your Global Workforce Faster,0.222,9,Быстрее нанимать сотрудников по всему миру,Contratar a nivel global más rápido,Contratar globalmente mais rápido,Current EN may differ from SEO draft; verify before applying
eor_114,,missing,"Workforce costs $678,200",Grow Your Global Workforce Faster,0.222,9,Быстрее нанимать сотрудников по всему миру,Contratar a nivel global más rápido,Contratar globalmente mais rápido,Current EN may differ from SEO draft; verify before applying
eor_115,,fuzzy_review,Countries 150+,150+ countries covered,0.800,8,"Все это означает, что вы можете:",Todo esto significa que puedes:,Tudo isto significa que pode:,Current EN may differ from SEO draft; verify before applying
eor_116,,missing,Compliance checks 24/7,24/7 global payroll service availability,0.400,7,"Услуга «Официальный работодатель» (EoR) помогает компаниям нанимать иностранных сотрудников без открытия местных юридических лиц. Поставщик услуг по официальному трудоустройству нанимает работника на законных основаниях от вашего имени, в то время как вы управляете его повседневной работой, обязанностями и производительностью.","Un «empleador de referencia» (EoR) ayuda a las empresas a contratar empleados internacionales sin necesidad de abrir entidades locales. El proveedor de EoR contrata legalmente al trabajador en su nombre, mientras usted gestiona su trabajo diario, sus responsabilidades y su rendimiento.","Um Employer of Record (EoR) ajuda empresas a contratar funcionários internacionais sem abrir entidades locais. O fornecedor EoR emprega legalmente o trabalhador em seu nome, enquanto gere o trabalho diário, responsabilidades e desempenho.",Current EN may differ from SEO draft; verify before applying
eor_117,,weak_review,Termination Offboarding Compliantly in a Global Market Country-specific termination workflows help teams offboard employees with confidence,Offboarding Compliantly In A Global Market,0.545,60,Оформление ухода из компании в соответствии с нормами на глобальном рынке,Gestión de bajas conforme a la normativa en un mercado global,Rescisão,Current EN may differ from SEO draft; verify before applying
eor_118,,missing,Offboarding Notice rules checked,Offboarding Compliantly In A Global Market,0.200,60,Оформление ухода из компании в соответствии с нормами на глобальном рынке,Gestión de bajas conforme a la normativa en un mercado global,Rescisão,Current EN may differ from SEO draft; verify before applying
eor_119,,missing,1 Notice rules checked,1. What is an Employer of Record (EoR)?,0.167,83,1. Что такое «Официальный работодатель»?,1. ¿Qué es un empleador de referencia (EoR)?,Perguntas frequentes sobre Employer of Record,Current EN may differ from SEO draft; verify before applying
eor_120,,missing,2 Final payroll calculated,Payroll,0.400,48,Оплата труда,Nóminas,Payroll,Current EN may differ from SEO draft; verify before applying
eor_121,,weak_review,3 Documents archived,Documents,0.500,44,Документы,Documentos,Documentos,Current EN may differ from SEO draft; verify before applying
eor_122,,fuzzy_review,Fit check Is Garna Employer of Record the Right Fit for Your Business?,Is Garna Employer of Record the Right Fit for Your Business?,0.957,63,Подходит ли услуга официального работодателя от Garna для вашего бизнеса?,¿Es Garna Employer of Record la opción adecuada para tu empresa?,Os nossos workflows de rescisão são adaptados às leis laborais específicas de cada país para que possa realizar offboarding com total confiança.,Current EN may differ from SEO draft; verify before applying
eor_123,,fuzzy_review,You want to bring on international staff without setting up an office in every country,You want to bring on international staff without going through the trouble of setting up an office in every country.,0.857,64,"Вы хотите нанимать сотрудников из разных стран, не утруждая себя открытием офисов в каждой из них.",Quieres contratar personal internacional sin tener que pasar por la molestia de establecer una oficina en cada país.,A solução Employer of Record da Garna é adequada para o seu negócio?,Current EN may differ from SEO draft; verify before applying
eor_124,,weak_review,"You want to automate global payroll, taxes, and compliance instead of juggling manual workflows","You want to automate your global payroll, taxes, and compliance and never return to fiddling with manual work flows across multiple systems.",0.588,65,"Вы хотите автоматизировать процесс оплаты труда, уплаты налогов и обеспечения соблюдения нормативных требований на глобальном уровне и больше никогда не возвращаться к ручной обработке данных в нескольких системах.","Quieres automatizar tu nómina global, los impuestos y el cumplimiento normativo, y no volver nunca más a lidiar con flujos de trabajo manuales en múltiples sistemas.",Pretende contratar funcionários internacionais sem ter de abrir escritórios em cada país.,Current EN may differ from SEO draft; verify before applying
eor_125,,fuzzy_review,"You already have international talent to hire and need help with contracts, onboarding, and compliance","You already have international talent you want to hire but you need some help with paperwork, from contracts to onboarding to full compliance.",0.788,66,"У вас уже есть иностранные специалисты, которых вы хотите принять на работу, но вам нужна помощь с оформлением документов — от заключения контрактов до адаптации новых сотрудников и обеспечения соответствия требованиям законодательства.","Ya tienes talento internacional que quieres contratar, pero necesitas ayuda con el papeleo, desde los contratos hasta la incorporación y el cumplimiento normativo.","Pretende automatizar payroll global, impostos e conformidade sem voltar a lidar com workflows manuais em vários sistemas.",Current EN may differ from SEO draft; verify before applying
eor_126,,fuzzy_review,You want to scale distributed teams fast without building internal HR and payroll infrastructure,You want to scale up your distributed teams fast and avoid building the internal HR and payroll infrastructure.,0.839,67,Вы хотите быстро расширить свои удаленные команды и избежать создания внутренней инфраструктуры по управлению персоналом и оплатой труда.,Quieres ampliar rápidamente tus equipos distribuidos y evitar crear una infraestructura interna de RR. HH. y nóminas.,"Já possui talentos internacionais que pretende contratar, mas precisa de ajuda com documentação — desde contratos e onboarding até conformidade total.",Current EN may differ from SEO draft; verify before applying
eor_127,,weak_review,"You need contractor management, bank transfers, cryptocurrency payouts, and multi-country payroll in one platform","You want a global employment partner that can handle all your multi-country payroll needs, contractor management, bank transfers, and cryptocurrency payouts wrapped up in one easy-to-use platform.",0.622,69,"Вам нужен глобальный партнер по кадровым вопросам, который сможет решать все ваши международные задачи по оплате труда, управлению подрядчиками, банковским переводам и выплатам в криптовалюте — и всё это на одной удобной платформе.","Desea un socio de empleo global que pueda gestionar todas sus necesidades de nóminas en varios países, la gestión de contratistas, las transferencias bancarias y los pagos en criptomonedas, todo ello en una única plataforma fácil de usar.",Pretende integrar rapidamente contratados ou funcionários full-time sem lidar diretamente com leis laborais locais.,Current EN may differ from SEO draft; verify before applying
eor_128,,fuzzy_review,How it works Steps to take with Garna,Steps to take with Garna:,0.769,70,Необходимые шаги с Garna:,Pasos a seguir con Garna:,"Pretende um parceiro global de emprego capaz de gerir payroll multi-país, gestão de contratados, transferências bancárias e pagamentos em criptomoedas numa única plataforma simples de utilizar.",Current EN may differ from SEO draft; verify before applying
eor_129,,missing,Profile 3 min,3. When should you use an EoR?,0.200,87,3. В каких случаях следует прибегать к услугам «официального работодателя»?,3. ¿Cuándo conviene recurrir a un EoR?,"Uma PEO utiliza o modelo de “co-emprego”. Trabalha em conjunto com a empresa cliente para gerir funcionários e normalmente exige que a empresa já possua presença local. Um EoR, por outro lado, atua como empregador oficial, permitindo contratar sem abrir uma empresa em cada país.",Current EN may differ from SEO draft; verify before applying
eor_130,,missing,Start,Button: Start Going Global,0.400,95,Кнопка: Выйти на мировой рынок,Botón: Empieza a expandirte a nivel global,A Garna oferece suporte especializado 24/7 e todas as funcionalidades necessárias para garantir uma experiência de contratação global sem crises inesperadas nem problemas operacionais.,Current EN may differ from SEO draft; verify before applying
eor_131,,exact,Set up your company account,Set up your company account,1.000,71,Создайте аккаунт своей компании,Crea tu cuenta de empresa,Passos com a Garna:,
eor_132,,weak_review,"Complete a quick profile check, fill in the required fields, and get access to a customized service flow","Make a quick profile check and verification, fill in the required fields and get access to the service. We will customize it to your needs and wishes in a couple of clicks.",0.651,72,"Пройдите быструю проверку профиля, заполните обязательные поля и получите доступ к сервису. Мы адаптируем его под ваши потребности и пожелания всего за несколько кликов.","Realiza una rápida comprobación y verificación de tu perfil, rellena los campos obligatorios y obtén acceso al servicio. Lo personalizaremos según tus necesidades y deseos en un par de clics.",Configure a conta da sua empresa,Current EN may differ from SEO draft; verify before applying
eor_133,,missing,Finance,"Specify the person who will be responsible for financial matters. This may be the finance director, the head of the finance department, or yourself.",0.100,74,"Укажите лицо, которое будет отвечать за финансовые вопросы. Это может быть финансовый директор, руководитель финансового отдела или вы сами.","Especifica quién será la persona responsable de los asuntos financieros. Puede ser el director financiero, el jefe del departamento financiero o tú mismo.",Defina um contacto financeiro responsável,Current EN may differ from SEO draft; verify before applying
eor_134,,missing,Access,"Make a quick profile check and verification, fill in the required fields and get access to the service. We will customize it to your needs and wishes in a couple of clicks.",0.074,72,"Пройдите быструю проверку профиля, заполните обязательные поля и получите доступ к сервису. Мы адаптируем его под ваши потребности и пожелания всего за несколько кликов.","Realiza una rápida comprobación y verificación de tu perfil, rellena los campos obligatorios y obtén acceso al servicio. Lo personalizaremos según tus necesidades y deseos en un par de clics.",Configure a conta da sua empresa,Current EN may differ from SEO draft; verify before applying
eor_135,,fuzzy_review,Assign a financial contact,Assign a financial contact person,0.889,73,Назначьте ответственное лицо по финансовым вопросам,Asigna una persona de contacto para asuntos financieros,"Faça uma rápida verificação do perfil, preencha os campos necessários e obtenha acesso ao serviço. Personalizaremos tudo de acordo com as suas necessidades e preferências em apenas alguns cliques.",Current EN may differ from SEO draft; verify before applying
eor_136,,weak_review,"Choose the person responsible for financial matters, from a finance director to yourself","Specify the person who will be responsible for financial matters. This may be the finance director, the head of the finance department, or yourself.",0.563,74,"Укажите лицо, которое будет отвечать за финансовые вопросы. Это может быть финансовый директор, руководитель финансового отдела или вы сами.","Especifica quién será la persona responsable de los asuntos financieros. Puede ser el director financiero, el jefe del departamento financiero o tú mismo.",Defina um contacto financeiro responsável,Current EN may differ from SEO draft; verify before applying
eor_137,,missing,Portugal,,0.000,,,,,Current EN may differ from SEO draft; verify before applying
eor_138,,weak_review,EoR contract,Create your first EoR contract,0.571,75,Составьте свой первый договор о предоставлении услуг официального работодателя,Crea tu primer contrato EoR,"Indique a pessoa responsável pelas questões financeiras. Pode ser o diretor financeiro, o responsável do departamento financeiro ou si próprio.",Current EN may differ from SEO draft; verify before applying
eor_139,,missing,"Salary EUR 4,800",4. EoR vs own international entity setup: which is better?,0.143,89,4. «Официальный работодатель» или создание собственной международной компании: что лучше?,4. EoR frente a la creación de una entidad internacional propia: ¿qué es mejor?,"Se pretende começar a contratar pessoas em países onde ainda não possui estrutura empresarial, um EoR é a solução ideal. Permite expandir internacionalmente sem passar pelo processo cansativo de abrir subsidiárias e resolver todas as regras laborais locais.",Current EN may differ from SEO draft; verify before applying
eor_140,,exact,Create your first EoR contract,Create your first EoR contract,1.000,75,Составьте свой первый договор о предоставлении услуг официального работодателя,Crea tu primer contrato EoR,"Indique a pessoa responsável pelas questões financeiras. Pode ser o diretor financeiro, o responsável do departamento financeiro ou si próprio.",
eor_141,,fuzzy_review,"Add country, position, salary, start date, currency, and work visa requirements","Enter the employee's details: country of employment, position, salary, start date, salary currency, and work visa requirements.",0.741,76,"Введите данные о сотруднике: страну работы, должность, заработную плату, дату начала работы, валюту выплаты заработной платы и требования к рабочей визе.","Introduce los datos del empleado: país de trabajo, puesto, salario, fecha de inicio, moneda del salario y requisitos de visado de trabajo.",Crie o seu primeiro contrato EoR,Current EN may differ from SEO draft; verify before applying
eor_142,,weak_review,Invite,Invite an employee,0.500,77,Пригласите сотрудника,Invita a un empleado,"Introduza os dados do funcionário: país de contratação, cargo, salário, data de início, moeda salarial e requisitos de visto de trabalho.",Current EN may differ from SEO draft; verify before applying
eor_143,,missing,Employee email,Invite an employee,0.400,77,Пригласите сотрудника,Invita a un empleado,"Introduza os dados do funcionário: país de contratação, cargo, salário, data de início, moeda salarial e requisitos de visto de trabalho.",Current EN may differ from SEO draft; verify before applying
eor_144,,missing,Account,Set up your company account,0.333,71,Создайте аккаунт своей компании,Crea tu cuenta de empresa,Passos com a Garna:,Current EN may differ from SEO draft; verify before applying
eor_145,,missing,Ready to pay,Everything You Need to Hire and Pay Globally,0.364,20,"Все, что нужно для найма и оплаты труда сотрудников по всему миру",Todo lo que necesitas para contratar y pagar a nivel global,Tudo o que precisa para contratar e pagar globalmente,Current EN may differ from SEO draft; verify before applying
eor_146,,exact,Invite an employee,Invite an employee,1.000,77,Пригласите сотрудника,Invita a un empleado,"Introduza os dados do funcionário: país de contratação, cargo, salário, data de início, moeda salarial e requisitos de visto de trabalho.",
eor_147,,fuzzy_review,The employee receives an invitation by email and creates a Garna account to receive payments,"After your request in the personal account, the employee receives a personal invitation by e-mail and creates an account in Garna to receive payments.",0.778,78,После отправки запроса в личном кабинете сотрудник получает личное приглашение по электронной почте и создает аккаунт в Garna для получения выплат.,"Tras su solicitud en la cuenta personal, el empleado recibe una invitación personal por correo electrónico y crea una cuenta en Garna para recibir los pagos.",Convide um funcionário,Current EN may differ from SEO draft; verify before applying
eor_148,,missing,Wallet balance,Fund your wallet and run first payroll,0.222,79,Пополните свой кошелек и проведите первую оплату труда,Recarga tu monedero y procesa la primera nómina,"Após o pedido na conta pessoal, o funcionário recebe um convite individual por e-mail e cria uma conta na Garna para receber pagamentos.",Current EN may differ from SEO draft; verify before applying
eor_149,,missing,"$84,250",,0.000,,,,,Current EN may differ from SEO draft; verify before applying
eor_150,,missing,SWIFT SEPA Crypto Funded,You can do this in any convenient way: from SWIFT and SEPA to crypto. Start paying your salary today.,0.261,80,Вы можете сделать это любым удобным для вас способом: от SWIFT и SEPA до криптовалюты. Начните выплачивать зарплату уже сегодня.,Puedes hacerlo de la forma que te resulte más cómoda: desde SWIFT y SEPA hasta criptomonedas. Empieza a pagar tu salario hoy mismo.,Adicione fundos à carteira e execute o primeiro payroll,Current EN may differ from SEO draft; verify before applying
eor_151,,fuzzy_review,Fund your wallet and run payroll,Fund your wallet and run first payroll,0.923,79,Пополните свой кошелек и проведите первую оплату труда,Recarga tu monedero y procesa la primera nómina,"Após o pedido na conta pessoal, o funcionário recebe um convite individual por e-mail e cria uma conta na Garna para receber pagamentos.",Current EN may differ from SEO draft; verify before applying
eor_152,,weak_review,"Use SWIFT, SEPA, or crypto funding and start paying salary today",You can do this in any convenient way: from SWIFT and SEPA to crypto. Start paying your salary today.,0.533,80,Вы можете сделать это любым удобным для вас способом: от SWIFT и SEPA до криптовалюты. Начните выплачивать зарплату уже сегодня.,Puedes hacerlo de la forma que te resulte más cómoda: desde SWIFT y SEPA hasta criptomonedas. Empieza a pagar tu salario hoy mismo.,Adicione fundos à carteira e execute o primeiro payroll,Current EN may differ from SEO draft; verify before applying